iter,im_loss,no_replay_loss,replay_loss,ponder_loss,energy_no_replay,energy_replay,energy_start_no_replay,energy_start_replay,mean_last_dist
0,154.00755310058594,nan,nan,nan,nan,nan,nan,nan,10.448226928710938
10,0.6212509870529175,nan,nan,nan,nan,nan,nan,nan,0.46456512808799744
20,1.0435848236083984,1.0837898254394531,1.0033798217773438,nan,-0.08893734961748123,-0.0851547047495842,-0.07526132464408875,0.0420052707195282,0.7834775447845459
30,0.45752716064453125,0.4712687134742737,0.4437856078147888,nan,-0.0916181355714798,-0.09117628633975983,-0.07495862245559692,-0.08598080277442932,0.6230526566505432
40,0.08383725583553314,0.0850665345788002,0.08260796964168549,nan,-0.08927208185195923,-0.08846202492713928,-0.07585249841213226,-0.08555807173252106,0.2680894136428833
50,0.039724938571453094,0.03950178623199463,0.03994809091091156,nan,-0.0900082141160965,-0.08747267723083496,-0.07631884515285492,-0.0868479460477829,0.19452528655529022
60,0.012623747810721397,0.0134549830108881,0.011792512610554695,nan,-0.08910030871629715,-0.08663897216320038,-0.07548591494560242,-0.0864737331867218,0.0953470766544342
70,0.003999847453087568,0.0050069307908415794,0.0029927645809948444,nan,-0.08841980993747711,-0.08922180533409119,-0.07539957016706467,-0.08916319906711578,0.05344057083129883
80,0.0022783775348216295,0.002837028354406357,0.0017197264824062586,nan,-0.08984914422035217,-0.08707480132579803,-0.07701945304870605,-0.08704835176467896,0.04115273058414459
90,0.0015800755936652422,0.0020693715196102858,0.001090779434889555,nan,-0.08828515559434891,-0.09004925191402435,-0.07381722331047058,-0.09003791213035583,0.029442137107253075
100,0.0011489522876217961,0.0014703446067869663,0.0008275602012872696,nan,-0.09008396416902542,-0.08965364098548889,-0.07657447457313538,-0.08964613080024719,0.026448549702763557
110,0.0012062566820532084,0.0017939875833690166,0.0006185257807374001,nan,-0.08932745456695557,-0.08792973309755325,-0.076067253947258,-0.08792664110660553,0.023849714547395706
120,0.0009483948233537376,0.0013657138915732503,0.0005310758715495467,nan,-0.08819679170846939,-0.08692994713783264,-0.07479119300842285,-0.08692820370197296,0.022107519209384918
130,0.0011133779771625996,0.0017180932918563485,0.0005086628370918334,nan,-0.08843688666820526,-0.08897246420383453,-0.07615835964679718,-0.0889706239104271,0.023094020783901215
140,0.000848208786919713,0.001181426690891385,0.00051499082474038,nan,-0.09000654518604279,-0.08845869451761246,-0.07640333473682404,-0.0884549468755722,0.02208752930164337
150,0.000879715196788311,0.0012921768939122558,0.00046725349966436625,nan,-0.08637502789497375,-0.08944820612668991,-0.0738837867975235,-0.08944635093212128,0.021402882412075996
160,0.0008074796060100198,0.0011255608405917883,0.0004893984296359122,nan,-0.08846500515937805,-0.08700346201658249,-0.0764356255531311,-0.08700179308652878,0.021859969943761826
170,0.0007129348814487457,0.0010054674930870533,0.0004204024444334209,nan,-0.0888710543513298,-0.08934660255908966,-0.07512548565864563,-0.08934566378593445,0.02055959217250347
180,0.0008073971257545054,0.001140452572144568,0.00047434165026061237,nan,-0.08939824253320694,-0.08966304361820221,-0.07543830573558807,-0.0896615982055664,0.02126302383840084
190,0.0006676269695162773,0.0008593183010816574,0.0004759356379508972,nan,-0.08513632416725159,-0.09136746823787689,-0.07340668886899948,-0.09136591106653214,0.020778637379407883
200,0.0007450082339346409,0.0010003583738580346,0.0004896579775959253,nan,-0.08802228420972824,-0.08598028868436813,-0.07559706270694733,-0.0859772339463234,0.02098369598388672
210,0.0007566025014966726,0.001065701711922884,0.000447503145551309,nan,-0.08870260417461395,-0.0886668711900711,-0.07615727931261063,-0.08866598457098007,0.02082061767578125
220,0.0006799675757065415,0.0009148729150183499,0.00044506226549856365,nan,-0.08886711299419403,-0.08916294574737549,-0.07455650717020035,-0.0891614705324173,0.02056238241493702
230,0.0006676065968349576,0.000908193935174495,0.00042701922939158976,nan,-0.08798949420452118,-0.08985036611557007,-0.07472649216651917,-0.08984911441802979,0.020274024456739426
240,0.0006212338339537382,0.0007792739197611809,0.00046319389366544783,nan,-0.08858293294906616,-0.08880296349525452,-0.07545032352209091,-0.08880190551280975,0.02016913890838623
250,0.0006548834498971701,0.0008999165729619563,0.00040985032683238387,nan,-0.08689101785421371,-0.089643694460392,-0.07406504452228546,-0.08964261412620544,0.019711200147867203
260,0.0005827267304994166,0.0007397247245535254,0.00042572879465296865,nan,-0.08956294506788254,-0.08892601728439331,-0.076326385140419,-0.08892534673213959,0.019717827439308167
270,0.0006645626272074878,0.0008827551500871778,0.00044637019163928926,nan,-0.08791157603263855,-0.0899621769785881,-0.07495759427547455,-0.08996037393808365,0.020204761996865273
280,0.0006613363511860371,0.0009525365312583745,0.00037013620021753013,nan,-0.08817527443170547,-0.08852358162403107,-0.07406328618526459,-0.0885225236415863,0.019732505083084106
290,0.0005468395538628101,0.0006907822680659592,0.0004028969269711524,nan,-0.08748470991849899,-0.08843851089477539,-0.07485571503639221,-0.08843712508678436,0.01904754526913166
300,0.0004532970197033137,0.0005467447335831821,0.00035984927671961486,nan,-0.08987483382225037,-0.08648472279310226,-0.07658614218235016,-0.08648340404033661,0.017882538959383965
310,0.0005321743665263057,0.0007012004498392344,0.00036314825410954654,nan,-0.08941654860973358,-0.08946941792964935,-0.07559740543365479,-0.08946799486875534,0.018355010077357292
320,0.0005410817684605718,0.0006989704561419785,0.0003831931680906564,nan,-0.0896192118525505,-0.08706285804510117,-0.07620492577552795,-0.08706144243478775,0.01845592074096203
330,0.0005424882401712239,0.0007126671262085438,0.0003723094705492258,nan,-0.08635953813791275,-0.09095869213342667,-0.07476289570331573,-0.09095685929059982,0.018762294203042984
340,0.0004923820961266756,0.0006073522381484509,0.00037741195410490036,nan,-0.0883491039276123,-0.08976033329963684,-0.0757937952876091,-0.08975936472415924,0.01835228130221367
350,0.00047571276081725955,0.0006194408633746207,0.0003319846582598984,nan,-0.08885829895734787,-0.08787060528993607,-0.07559248805046082,-0.08786986768245697,0.017793741077184677
360,0.0004796689026989043,0.0006259984220378101,0.00033333932515233755,nan,-0.09024456888437271,-0.08646705746650696,-0.07667757570743561,-0.08646609634160995,0.017494425177574158
370,0.0005844441475346684,0.0008395358454436064,0.00032935250783339143,nan,-0.08740919828414917,-0.08488918840885162,-0.07364924997091293,-0.0848882645368576,0.01805035024881363
380,0.000502129434607923,0.0006707798456773162,0.00033347905264236033,nan,-0.08906936645507812,-0.08818310499191284,-0.07501056790351868,-0.08818219602108002,0.017891904339194298
390,0.00042491842759773135,0.0005405148840509355,0.0003093219711445272,nan,-0.08900196850299835,-0.08824548125267029,-0.07639257609844208,-0.08824418485164642,0.016771767288446426
400,0.00040875902050174773,0.0005076072411611676,0.0003099108289461583,nan,-0.08923813700675964,-0.08766849339008331,-0.07705564796924591,-0.08766747266054153,0.016399428248405457
410,0.00046760941040702164,0.000625576707534492,0.0003096420841757208,nan,-0.08686221390962601,-0.08864189684391022,-0.07285954803228378,-0.08864061534404755,0.01742824912071228
420,0.00046698114601895213,0.0006267310818657279,0.00030723115196451545,nan,-0.08850827813148499,-0.08527563512325287,-0.07573099434375763,-0.08527471125125885,0.017308063805103302
430,0.00042021399713121355,0.0005513012292794883,0.00028912670677527785,nan,-0.08816780894994736,-0.08635511994361877,-0.07505712658166885,-0.08635416626930237,0.01626725308597088
440,0.00044634134974330664,0.0005927522433921695,0.0002999305143021047,nan,-0.08778934180736542,-0.08677119016647339,-0.07447923719882965,-0.08677051961421967,0.016578828915953636
450,0.0004153308109380305,0.0005248300731182098,0.00030583151965402067,nan,-0.08872243762016296,-0.08701838552951813,-0.07528585195541382,-0.08701767027378082,0.016788281500339508
460,0.00042015372309833765,0.0005832338938489556,0.0002570735232438892,nan,-0.0876469612121582,-0.08962482959032059,-0.07493317127227783,-0.0896243304014206,0.016013668850064278
470,0.0004116545314900577,0.0005781659274362028,0.00024514313554391265,nan,-0.08721140027046204,-0.09117133170366287,-0.07311753928661346,-0.09117051959037781,0.015783291310071945
480,0.00033002992859110236,0.0004107556596864015,0.0002493041683919728,nan,-0.08968639373779297,-0.09008302539587021,-0.07590188086032867,-0.09008211642503738,0.015066477470099926
490,0.0003939612943213433,0.0005312034045346081,0.00025671921321190894,nan,-0.08850298821926117,-0.08812712132930756,-0.07532215863466263,-0.08812637627124786,0.01587505266070366
500,0.0003871374356094748,0.0005225209170021117,0.00025175398332066834,nan,-0.08614002913236618,-0.08848538994789124,-0.07241958379745483,-0.08848477154970169,0.01568431966006756
510,0.00038295536069199443,0.0005137419793754816,0.00025216868380084634,nan,-0.08803479373455048,-0.084949791431427,-0.07440715283155441,-0.08494862914085388,0.0153595469892025
520,0.00032985140569508076,0.00040728755993768573,0.00025241522234864533,nan,-0.0893099457025528,-0.08637310564517975,-0.07645498961210251,-0.08637245744466782,0.014887073077261448
530,0.000373425311408937,0.0005083349533379078,0.0002385156403761357,nan,-0.08804284036159515,-0.08819805085659027,-0.0748295783996582,-0.08819716423749924,0.015333656221628189
540,0.0003393486840650439,0.00044659682316705585,0.00023210053041111678,nan,-0.08918680995702744,-0.087064728140831,-0.07532496750354767,-0.08706410229206085,0.01473679393529892
550,0.0003675312327686697,0.0005237284349277616,0.00021133411792106926,nan,-0.08780235052108765,-0.08987700939178467,-0.07377754896879196,-0.08987610787153244,0.014677905477583408
560,0.0003728496376425028,0.000555025355424732,0.00019067390530835837,nan,-0.08640807867050171,-0.09075406193733215,-0.07429276406764984,-0.09075364470481873,0.014914104714989662
570,0.0003061002353206277,0.00042703200597316027,0.00018516843556426466,nan,-0.08855953067541122,-0.09024001657962799,-0.07595527172088623,-0.09023933112621307,0.01369580626487732
580,0.00030179356690496206,0.0004325999761931598,0.00017098717216867954,nan,-0.08760102093219757,-0.09002185612916946,-0.07381051778793335,-0.090021513402462,0.01338981930166483
590,0.0003203656815458089,0.00046093499986454844,0.00017979634867515415,nan,-0.08711200207471848,-0.08896785974502563,-0.0748014971613884,-0.08896744251251221,0.01366120669990778
600,0.0003561452031135559,0.0005378001369535923,0.00017449026927351952,nan,-0.08790825307369232,-0.08725079894065857,-0.0742078423500061,-0.08725019544363022,0.014427675865590572
610,0.00027459824923425913,0.0003501700412016362,0.00019902645726688206,nan,-0.08942393958568573,-0.08785077184438705,-0.07570268213748932,-0.08785007894039154,0.013585090637207031
620,0.00034703107667155564,0.0004853707505390048,0.00020869137370027602,nan,-0.08726302534341812,-0.08626164495944977,-0.07312898337841034,-0.08626081049442291,0.014400215819478035
630,0.0002542200672905892,0.0003445458714850247,0.00016389426309615374,nan,-0.08760864287614822,-0.09039966762065887,-0.07417930662631989,-0.09039903432130814,0.012581401504576206
640,0.00025811977684497833,0.00032586499582976103,0.00019037452875636518,nan,-0.08802266418933868,-0.08629950881004333,-0.07479848712682724,-0.08629889786243439,0.012913333252072334
650,0.00028387029306031764,0.00036664336221292615,0.00020109718025196344,nan,-0.08732445538043976,-0.08698408305644989,-0.07373031973838806,-0.08698336780071259,0.01344563253223896
660,0.00027754201437346637,0.0003823791048489511,0.0001727049530018121,nan,-0.08707407116889954,-0.08917893469333649,-0.07354912161827087,-0.08917805552482605,0.013010682538151741
670,0.0002706488885451108,0.000380226643756032,0.0001610711042303592,nan,-0.08743692934513092,-0.0902707651257515,-0.07424886524677277,-0.09027010947465897,0.012596738524734974
680,0.0002722627832554281,0.00038228981429710984,0.0001622357522137463,nan,-0.08604104816913605,-0.08648541569709778,-0.07280021905899048,-0.08648497611284256,0.013150205835700035
690,0.00025882493355311453,0.00037409766810014844,0.00014355219900608063,nan,-0.08680850267410278,-0.08864378929138184,-0.07387657463550568,-0.08864331245422363,0.01243360061198473
700,0.00024195696460083127,0.000337627629050985,0.0001462862710468471,nan,-0.0897439569234848,-0.08866224437952042,-0.07537705451250076,-0.08866183459758759,0.012387040071189404
710,0.00022489573166240007,0.0003017184208147228,0.00014807307161390781,nan,-0.08767986297607422,-0.08793281018733978,-0.07438848912715912,-0.08793234825134277,0.01210382953286171
720,0.0002175327972508967,0.00030378595693036914,0.0001312796084675938,nan,-0.08949419856071472,-0.08763527870178223,-0.0753922387957573,-0.08763471245765686,0.011667011305689812
730,0.00021869776537641883,0.00030364919803105295,0.00013374634727369994,nan,-0.09097623080015182,-0.08770524710416794,-0.07869616150856018,-0.08770444989204407,0.011404355987906456
740,0.00023588835028931499,0.00032972870394587517,0.00014204796752892435,nan,-0.09096662700176239,-0.08594724535942078,-0.07640758156776428,-0.08594667911529541,0.011879151687026024
750,0.0001949457364389673,0.000260405387962237,0.0001294860994676128,nan,-0.08848947286605835,-0.08851836621761322,-0.07579074800014496,-0.0885179340839386,0.01127375103533268
760,0.00021808013843838125,0.0003251543384976685,0.00011100590199930593,nan,-0.08974991738796234,-0.0888998955488205,-0.07551676034927368,-0.08889946341514587,0.011542245745658875
770,0.00021199093316681683,0.0003123720525763929,0.00011160987196490169,nan,-0.08951369673013687,-0.08944588154554367,-0.07640302181243896,-0.08944541215896606,0.011186053045094013
780,0.00021681812359020114,0.0003218080382794142,0.00011182819434907287,nan,-0.08879870176315308,-0.08942199498414993,-0.0749896764755249,-0.08942153304815292,0.011127296835184097
790,0.00017213831597473472,0.00023864366812631488,0.00010563293471932411,nan,-0.08936653286218643,-0.09245415031909943,-0.07575061172246933,-0.09245358407497406,0.010246116667985916
800,0.0001896420435514301,0.0002841452951543033,9.513881377642974e-05,nan,-0.08860550820827484,-0.089500792324543,-0.07525047659873962,-0.08950036764144897,0.010373463854193687
810,0.00019766681361943483,0.0002834303304553032,0.00011190324585186318,nan,-0.0909225270152092,-0.08930161595344543,-0.07718154042959213,-0.08930115401744843,0.011050441302359104
820,0.00018622404604684561,0.00026715820422396064,0.00010528987331781536,nan,-0.08859419822692871,-0.08990500867366791,-0.07441229373216629,-0.08990444242954254,0.010510643944144249
830,0.00019110459834337234,0.00027204042999073863,0.0001101687885238789,nan,-0.08944108337163925,-0.08909015357494354,-0.07649444043636322,-0.08908955752849579,0.010520719923079014
840,0.00016590279119554907,0.0002060046244878322,0.00012580097245518118,nan,-0.08814208954572678,-0.08843160420656204,-0.07518809288740158,-0.08843114972114563,0.010443169623613358
850,0.00016327689809259027,0.00021702045341953635,0.00010953334276564419,nan,-0.09144946932792664,-0.08901411294937134,-0.07911662757396698,-0.08901338279247284,0.010148022323846817
860,0.00016922196664381772,0.00024519843282178044,9.324545681010932e-05,nan,-0.088558629155159,-0.09102820605039597,-0.07568255811929703,-0.09102768450975418,0.0098726199939847
870,0.00016250158660113811,0.00023622703156434,8.877613436197862e-05,nan,-0.08908964693546295,-0.09024776518344879,-0.07561297714710236,-0.09024731814861298,0.009760095737874508
880,0.00014969482435844839,0.00020562438294291496,9.376526577398181e-05,nan,-0.08656665682792664,-0.08958908915519714,-0.07449423521757126,-0.08958867937326431,0.009518265724182129
890,0.00016060606867540628,0.0002256851876154542,9.552693518344313e-05,nan,-0.0873667523264885,-0.08764229714870453,-0.07476530969142914,-0.08764180541038513,0.009833015501499176
900,0.0001589003368280828,0.00022365726181305945,9.414337546331808e-05,nan,-0.08824174106121063,-0.08798366785049438,-0.0750417560338974,-0.08798317611217499,0.009687064215540886
910,0.0001298251299886033,0.00017042929539456964,8.92209864105098e-05,nan,-0.08993873000144958,-0.08703078329563141,-0.07556729763746262,-0.08703024685382843,0.00906082522124052
920,0.00014893470506649464,0.00020541490812320262,9.245448745787144e-05,nan,-0.08790300786495209,-0.0894102230668068,-0.07454638183116913,-0.08940974622964859,0.009224971756339073
930,0.0001241458230651915,0.00016339373541995883,8.489788160659373e-05,nan,-0.08793666958808899,-0.08999736607074738,-0.0756646916270256,-0.08999688178300858,0.008729813620448112
940,0.00013299830607138574,0.00018175123841501772,8.424538827966899e-05,nan,-0.08878999948501587,-0.0880834311246872,-0.07577130198478699,-0.08808303624391556,0.008914200589060783
950,0.00013742219016421586,0.00018780771642923355,8.703664934728295e-05,nan,-0.08773092925548553,-0.0889253094792366,-0.07514165341854095,-0.08892493695020676,0.009123962372541428
960,0.0001305600453633815,0.00017601395666133612,8.510613406542689e-05,nan,-0.0904221162199974,-0.08784064650535583,-0.07675530016422272,-0.08784009516239166,0.008926652371883392
970,0.00013892058632336557,0.0002009006857406348,7.694047235418111e-05,nan,-0.08612853288650513,-0.08929482847452164,-0.0712728500366211,-0.08929446339607239,0.008984927088022232
980,0.00011898555385414511,0.00016651907935738564,7.145199197111651e-05,nan,-0.08878403902053833,-0.08981290459632874,-0.07540477812290192,-0.08981254696846008,0.008413069881498814
990,0.0001198157697217539,0.00016614634660072625,7.348519284278154e-05,nan,-0.08907193690538406,-0.09027829766273499,-0.07488870620727539,-0.09027794748544693,0.008306287229061127
1000,0.00013778220454696566,0.0001990009332075715,7.656347588635981e-05,nan,-0.08771692216396332,-0.08882482349872589,-0.07435853779315948,-0.08882440626621246,0.00892692618072033
1010,0.00012783499551005661,0.00018519203877076507,7.047795952530578e-05,nan,-0.0883418470621109,-0.087961345911026,-0.07519581913948059,-0.08796098828315735,0.008501892909407616
1020,0.00012358889216557145,0.00017872120952233672,6.845655298093334e-05,nan,-0.08827488124370575,-0.08963296562433243,-0.07553206384181976,-0.0896325409412384,0.008425506763160229
1030,0.00010868985555134714,0.0001546727289678529,6.2706989410799e-05,nan,-0.08973448723554611,-0.09111808240413666,-0.07693574577569962,-0.09111776947975159,0.007723245769739151
1040,0.00010989675502059981,0.00016359903384000063,5.619446892524138e-05,nan,-0.08887135982513428,-0.09035540372133255,-0.07520841807126999,-0.09035509824752808,0.007672482170164585
1050,9.666106052463874e-05,0.000133562323753722,5.975979729555547e-05,nan,-0.08790803700685501,-0.08927089720964432,-0.0748106986284256,-0.08927048742771149,0.00770993810147047
1060,0.00012589825200848281,0.00018489491776563227,6.690161535516381e-05,nan,-0.0873352512717247,-0.08904391527175903,-0.07286026328802109,-0.089043527841568,0.008241156116127968
1070,0.00010173814371228218,0.00014357391046360135,5.990235149511136e-05,nan,-0.09008309990167618,-0.09000536054372787,-0.07647235691547394,-0.09000512957572937,0.00762019120156765
1080,9.23344778129831e-05,0.00012091788812540472,6.375105294864625e-05,nan,-0.08687004446983337,-0.08802542090415955,-0.07401809096336365,-0.0880250558257103,0.007581972982734442
1090,9.642267104936764e-05,0.00014097115490585566,5.187417264096439e-05,nan,-0.09036239236593246,-0.08901236951351166,-0.07695630192756653,-0.08901205658912659,0.007354306988418102
1100,8.66697373567149e-05,0.00012720056110993028,4.613891724147834e-05,nan,-0.08903727680444717,-0.09309164434671402,-0.07571530342102051,-0.09309122711420059,0.006841667927801609
1110,9.279864752897993e-05,0.00012562706251628697,5.997022890369408e-05,nan,-0.08670476824045181,-0.08744917809963226,-0.07411693036556244,-0.0874488353729248,0.007507947273552418
1120,0.00010367832874180749,0.00015237327897921205,5.498338214238174e-05,nan,-0.08730129897594452,-0.08927661925554276,-0.07425498962402344,-0.08927622437477112,0.007666862569749355
1130,8.240508032031357e-05,0.00011453764454927295,5.0272512453375384e-05,nan,-0.08810654282569885,-0.08806400001049042,-0.07567711174488068,-0.08806366473436356,0.006914578378200531
1140,8.622276072856039e-05,0.00012870438513346016,4.374111085780896e-05,nan,-0.08637265861034393,-0.08744014799594879,-0.07293525338172913,-0.08743986487388611,0.006930879317224026
1150,8.868436270859092e-05,0.00011851511226268485,5.885359860258177e-05,nan,-0.08705306053161621,-0.08692535012960434,-0.07298213243484497,-0.0869249477982521,0.007677859161049128
1160,8.93393880687654e-05,0.00013363872130867094,4.504006210481748e-05,nan,-0.09066455811262131,-0.08886554837226868,-0.07799416780471802,-0.0888652503490448,0.006812828592956066
1170,8.607542258687317e-05,0.00011864378757309169,5.350705760065466e-05,nan,-0.08820515871047974,-0.09024772047996521,-0.07491722702980042,-0.09024734795093536,0.007296497467905283
1180,8.534733933629468e-05,0.00011704642383847386,5.3648254834115505e-05,nan,-0.08825059235095978,-0.08743159472942352,-0.07445591688156128,-0.08743119984865189,0.006933936849236488
1190,7.910063868621364e-05,0.00010076968465000391,5.743158544646576e-05,nan,-0.08863364160060883,-0.09029977768659592,-0.07562385499477386,-0.0902993455529213,0.00740934768691659
1200,7.519503560615703e-05,0.0001040435308823362,4.634652577806264e-05,nan,-0.08961272239685059,-0.09001563489437103,-0.07574600726366043,-0.09001530706882477,0.006531388498842716
1210,8.610660734120756e-05,0.0001207280729431659,5.1485149015206844e-05,nan,-0.08696120977401733,-0.08957725763320923,-0.07359634339809418,-0.08957688510417938,0.007317320443689823
1220,7.428548269672319e-05,0.00010333629325032234,4.5234672143124044e-05,nan,-0.08962312340736389,-0.08927047252655029,-0.07634904980659485,-0.0892702043056488,0.006448667496442795
1230,6.581331399502233e-05,9.405389573657885e-05,3.75727322534658e-05,nan,-0.08654765039682388,-0.08954901248216629,-0.07345524430274963,-0.08954879641532898,0.006134130991995335
1240,7.199277024483308e-05,0.00010320794535800815,4.077760240761563e-05,nan,-0.08878277242183685,-0.08908906579017639,-0.07466746121644974,-0.08908873051404953,0.006586628034710884
1250,6.641217623837292e-05,9.373818465974182e-05,3.908617145498283e-05,nan,-0.08680125325918198,-0.08930052816867828,-0.07343626767396927,-0.0893002599477768,0.006332787219434977
1260,7.00851742294617e-05,0.00010075338650494814,3.9416969229932874e-05,nan,-0.08976975083351135,-0.08722365647554398,-0.07604851573705673,-0.08722341060638428,0.006148786749690771
1270,6.729218148393556e-05,9.416461398359388e-05,4.041975626023486e-05,nan,-0.08850368857383728,-0.09064938127994537,-0.07459434866905212,-0.0906490683555603,0.006442077457904816
1280,7.049095438560471e-05,0.00010079499770654365,4.018690742668696e-05,nan,-0.08780926465988159,-0.08762448281049728,-0.07512116432189941,-0.0876242145895958,0.006206956692039967
1290,5.90594245295506e-05,8.506880840286613e-05,3.305004793219268e-05,nan,-0.09014198929071426,-0.0901019424200058,-0.07684086263179779,-0.09010164439678192,0.005858428776264191
1300,5.497632082551718e-05,7.924281089799479e-05,3.070984166697599e-05,nan,-0.08775486052036285,-0.09156407415866852,-0.0750177800655365,-0.09156382083892822,0.005376849323511124
1310,6.393043440766633e-05,9.360683179693297e-05,3.42540442943573e-05,nan,-0.08839061856269836,-0.08827032893896103,-0.07469585537910461,-0.08827007561922073,0.005866663530468941
1320,7.023807847872376e-05,9.5019830041565e-05,4.545632327790372e-05,nan,-0.08933374285697937,-0.0918092429637909,-0.07662080228328705,-0.09180889278650284,0.006638084538280964
1330,5.6744345783954486e-05,7.64094220357947e-05,3.707926225615665e-05,nan,-0.09049496054649353,-0.08880087733268738,-0.07674190402030945,-0.08880060911178589,0.005701390095055103
1340,6.020343425916508e-05,8.576792606618255e-05,3.4638953366084024e-05,nan,-0.09033965319395065,-0.09072933346033096,-0.07678210735321045,-0.09072912484407425,0.005896370857954025
1350,5.9172358305659145e-05,8.555475506000221e-05,3.2789946999400854e-05,nan,-0.09071215987205505,-0.08807913959026337,-0.0773790180683136,-0.08807893097400665,0.0055510615929961205
1360,5.1784099923679605e-05,7.295220711966977e-05,3.0615992727689445e-05,nan,-0.08986755460500717,-0.08943551033735275,-0.0767885074019432,-0.08943523466587067,0.005686035379767418
1370,5.7755351008381695e-05,8.610304939793423e-05,2.9407659894786775e-05,nan,-0.09025688469409943,-0.08973680436611176,-0.07756133377552032,-0.0897364467382431,0.005721800494939089
1380,5.399104338721372e-05,8.074929792201146e-05,2.7232781576458365e-05,nan,-0.0907885879278183,-0.08847687393426895,-0.07658205926418304,-0.08847663551568985,0.005216341465711594
1390,5.265540676191449e-05,7.60150869609788e-05,2.9295719286892563e-05,nan,-0.08924277126789093,-0.08882354944944382,-0.07622312009334564,-0.08882329612970352,0.005480033345520496
1400,5.921684351051226e-05,8.15145467640832e-05,3.691914025694132e-05,nan,-0.08877904713153839,-0.0864335298538208,-0.0747607946395874,-0.08643332868814468,0.005749798845499754
1410,5.273551869322546e-05,7.209795876406133e-05,3.337307498441078e-05,nan,-0.08810833841562271,-0.08891543745994568,-0.07426822185516357,-0.0889151468873024,0.005625602789223194
1420,5.8274912589695305e-05,8.592421363573521e-05,3.06256151816342e-05,nan,-0.0891902893781662,-0.08932316303253174,-0.07574797421693802,-0.08932290971279144,0.0058410088531672955
1430,5.2803436119575053e-05,7.321982411667705e-05,3.2387044484494254e-05,nan,-0.08381146192550659,-0.08931615203619003,-0.07125551253557205,-0.08931595832109451,0.005648367572575808
1440,5.293397407513112e-05,7.061731594149023e-05,3.5250632208772004e-05,nan,-0.0888727605342865,-0.08975322544574738,-0.07661552727222443,-0.08975284546613693,0.0058005559258162975
1450,4.880671622231603e-05,7.025279046501964e-05,2.736063106567599e-05,nan,-0.08867043256759644,-0.08875330537557602,-0.07544758170843124,-0.08875305205583572,0.005287057254463434
1460,4.992176400264725e-05,7.243465370265767e-05,2.740887794061564e-05,nan,-0.08965009450912476,-0.0885566845536232,-0.07644156366586685,-0.08855646848678589,0.005201844032853842
1470,4.3988835386699066e-05,6.461252633016557e-05,2.3365155357168987e-05,nan,-0.09001826494932175,-0.08992960304021835,-0.07633353769779205,-0.08992940187454224,0.005016639828681946
1480,4.893229197477922e-05,7.524815737269819e-05,2.261642657686025e-05,nan,-0.08926890790462494,-0.08806363493204117,-0.07592242956161499,-0.08806338906288147,0.005163803696632385
1490,4.554141196422279e-05,6.390879570972174e-05,2.717402094276622e-05,nan,-0.08658602088689804,-0.09076131880283356,-0.07305300235748291,-0.09076102077960968,0.005341953597962856
1500,4.681740392697975e-05,6.478416617028415e-05,2.8850634407717735e-05,nan,-0.08776865899562836,-0.08848214894533157,-0.07415853440761566,-0.08848196268081665,0.005253381095826626
1510,4.583344707498327e-05,6.848415068816394e-05,2.318275801371783e-05,nan,-0.09038418531417847,-0.08712777495384216,-0.07617227733135223,-0.08712756633758545,0.005081829149276018
1520,4.6975674194982275e-05,7.077425834722817e-05,2.3177088223746978e-05,nan,-0.08740724623203278,-0.08776415884494781,-0.07409947365522385,-0.08776400983333588,0.005057832691818476
1530,4.0488477679900825e-05,5.6643362768227234e-05,2.433358895359561e-05,nan,-0.09054086357355118,-0.08814313262701035,-0.07672040909528732,-0.08814293146133423,0.0047999280504882336
0,6.5898637771606445,nan,nan,nan,nan,nan,nan,nan,1.9799004793167114
10,0.7181780338287354,nan,nan,nan,nan,nan,nan,nan,0.6851929426193237
20,0.5226815938949585,0.8107661008834839,0.2345971167087555,nan,-0.01685202494263649,-0.017122488468885422,-0.010881831869482994,-0.0016828604275360703,0.5230688452720642
30,0.7397542595863342,0.6975653767585754,0.7819430828094482,nan,-0.036105889827013016,-0.03438427671790123,-0.013582175597548485,-0.025941522791981697,0.7825804948806763
40,0.7700498104095459,0.8964065313339233,0.6436930894851685,nan,-0.016432061791419983,-0.018078552559018135,-0.009936271235346794,-0.019854744896292686,0.5753490924835205
50,0.029086433351039886,0.028512638062238693,0.02966022491455078,nan,-0.027907321229577065,-0.02683550864458084,-0.012682244181632996,-0.025944795459508896,0.15344594419002533
60,0.020638519898056984,0.026065591722726822,0.015211449936032295,nan,-0.02136659249663353,-0.023041797801852226,-0.009750855155289173,-0.022887766361236572,0.11432017385959625
70,0.010386373847723007,0.010581989772617817,0.010190758854150772,nan,-0.02565699629485607,-0.02538299188017845,-0.011339349672198296,-0.02525431662797928,0.0881705954670906
80,0.0036366658750921488,0.004229998681694269,0.0030433335341513157,nan,-0.02271733246743679,-0.022901929914951324,-0.009700015187263489,-0.02285596914589405,0.045555710792541504
90,0.0016526456456631422,0.0016634342027828097,0.0016418572049587965,nan,-0.024376876652240753,-0.02293715812265873,-0.011436915956437588,-0.022915692999958992,0.03740393742918968
100,0.0009004990570247173,0.001142414752393961,0.0006585834198631346,nan,-0.022364256903529167,-0.022322416305541992,-0.009513119235634804,-0.022316303104162216,0.02155647985637188
110,0.0005867425352334976,0.0005819500656798482,0.000591535004787147,nan,-0.023493483662605286,-0.02302756905555725,-0.01069476269185543,-0.02302454598248005,0.020433228462934494
120,0.0004327503847889602,0.00047706402256153524,0.00038843677612021565,nan,-0.023798726499080658,-0.021432936191558838,-0.010536577552556992,-0.02143232151865959,0.015650847926735878
130,0.00044935024925507605,0.0005257473676465452,0.00037295313086360693,nan,-0.02327272854745388,-0.022105097770690918,-0.00988733395934105,-0.022104742005467415,0.015130932442843914
140,0.0003635707253124565,0.0004289148491807282,0.00029822663054801524,nan,-0.022499021142721176,-0.023155268281698227,-0.010034842416644096,-0.02315513789653778,0.013723871670663357
150,0.00032339664176106453,0.0003676047781482339,0.00027918850537389517,nan,-0.02342265099287033,-0.02334984578192234,-0.01028984785079956,-0.023349720984697342,0.012920180335640907
160,0.000311308482196182,0.0003578060423023999,0.00026481086388230324,nan,-0.023755453526973724,-0.023081552237272263,-0.009511854499578476,-0.02308143489062786,0.012861520051956177
170,0.0003247744753025472,0.0003708406293299049,0.00027870823396369815,nan,-0.024765901267528534,-0.022961623966693878,-0.010393928736448288,-0.022961534559726715,0.012659244239330292
180,0.00028863362967967987,0.0003212656010873616,0.00025600165827199817,nan,-0.021962657570838928,-0.022493861615657806,-0.008444402366876602,-0.02249375730752945,0.012778522446751595
190,0.0002344681997783482,0.00025616097263991833,0.0002127754269167781,nan,-0.023148134350776672,-0.02427007630467415,-0.010807360522449017,-0.024269985035061836,0.011430725455284119
200,0.0002573446254245937,0.0002830262528732419,0.0002316629543201998,nan,-0.022344859316945076,-0.023339711129665375,-0.008316506631672382,-0.023339644074440002,0.012096917256712914
210,0.00023468064318876714,0.0002492930507287383,0.00022006826475262642,nan,-0.02252543717622757,-0.024625156074762344,-0.00971079058945179,-0.024625100195407867,0.011698891408741474
220,0.0002433040353935212,0.00028041325276717544,0.00020619480346795171,nan,-0.023117855191230774,-0.021482739597558975,-0.009528127498924732,-0.021482691168785095,0.01192423328757286
230,0.0002292511344421655,0.00026338075986132026,0.00019512147991918027,nan,-0.021951373666524887,-0.023252900689840317,-0.009344641119241714,-0.023252837359905243,0.011691441759467125
240,0.0002192315150750801,0.00025969409034587443,0.0001787689107004553,nan,-0.022522978484630585,-0.024127762764692307,-0.008853434585034847,-0.024127716198563576,0.011421706527471542
250,0.00019022209744434804,0.00019973354937974364,0.00018071066006086767,nan,-0.024147171527147293,-0.02266508713364601,-0.011230485513806343,-0.022665053606033325,0.01107753999531269
260,0.00020233643590472639,0.0002362743252888322,0.0001683985610725358,nan,-0.023267045617103577,-0.02208082377910614,-0.010309774428606033,-0.02208072878420353,0.011279596947133541
270,0.00020139242406003177,0.0002195803972426802,0.0001832044799812138,nan,-0.022421563044190407,-0.02258434146642685,-0.00997795257717371,-0.022584304213523865,0.011298511177301407
280,0.00020325773220974952,0.00023456219059880823,0.00017195323016494513,nan,-0.022540995851159096,-0.021723896265029907,-0.010169344954192638,-0.021723855286836624,0.011505911126732826
290,0.00019351646187715232,0.00020143613801337779,0.00018559677118901163,nan,-0.02305399440228939,-0.02432270720601082,-0.009956968948245049,-0.024322649464011192,0.011276418343186378
300,0.00019171407620888203,0.00022007228108122945,0.00016335584223270416,nan,-0.02219984121620655,-0.022920329123735428,-0.008894076570868492,-0.02292027696967125,0.011495208367705345
0,148.09854125976562,nan,nan,nan,nan,nan,nan,nan,12.145238876342773
10,1.2262697219848633,nan,nan,nan,nan,nan,nan,nan,0.7996618747711182
20,5.073543548583984,4.92643928527832,5.220648765563965,nan,-0.02090699039399624,-0.020478758960962296,-0.03607390075922012,0.048732489347457886,1.5949618816375732
30,2.81429123878479,1.3184866905212402,4.31009578704834,nan,-0.054968349635601044,-0.0294540673494339,-0.03894826024770737,-0.03562380000948906,1.0232936143875122
40,1.3343572616577148,1.379163384437561,1.289551019668579,nan,-0.05580328032374382,-0.05533783137798309,-0.039865218102931976,-0.050189390778541565,0.9792749881744385
50,0.022962680086493492,0.02275988832116127,0.023165471851825714,nan,-0.04871922731399536,-0.04876229912042618,-0.03943369537591934,-0.04588007181882858,0.14018402993679047
60,0.0313342846930027,0.030076883733272552,0.032591693103313446,nan,-0.045853279531002045,-0.04552866518497467,-0.036932311952114105,-0.04542558640241623,0.14652135968208313
70,0.02779083140194416,0.028448350727558136,0.027133310213685036,nan,-0.04772905260324478,-0.04733631759881973,-0.03650087118148804,-0.04721427708864212,0.14267468452453613
80,0.010410736314952374,0.010107451118528843,0.01071402058005333,nan,-0.04548715427517891,-0.04740959405899048,-0.035979852080345154,-0.04734640568494797,0.07754237949848175
90,0.004392584320157766,0.004654890391975641,0.004130277782678604,nan,-0.04689578339457512,-0.04914247617125511,-0.036931004375219345,-0.04912151023745537,0.0524224117398262
100,0.0015014830278232694,0.0014619423309341073,0.0015410238411277533,nan,-0.04758094623684883,-0.05058910697698593,-0.036989226937294006,-0.050584577023983,0.03202396258711815
110,0.0008177604759112,0.0008980900165624917,0.0007374308188445866,nan,-0.04673215001821518,-0.04934565722942352,-0.03564194589853287,-0.04934380576014519,0.017558546736836433
120,0.0005832833121530712,0.0006005099858157337,0.0005660566966980696,nan,-0.04789446294307709,-0.04899802431464195,-0.037160955369472504,-0.04899715632200241,0.02046137861907482
130,0.0005559294368140399,0.0005758159677498043,0.0005360429058782756,nan,-0.045880965888500214,-0.049238331615924835,-0.034398384392261505,-0.04923795908689499,0.019114376977086067
140,0.0005575261311605573,0.0005655672866851091,0.0005494849174283445,nan,-0.04537607729434967,-0.04728196933865547,-0.034340474754571915,-0.047281794250011444,0.019969377666711807
150,0.00041576067451387644,0.0003763392160180956,0.0004551821621134877,nan,-0.04990379512310028,-0.04708357900381088,-0.038144104182720184,-0.04708348959684372,0.016811417415738106
160,0.00039640930481255054,0.00042495355592109263,0.0003678651119116694,nan,-0.04685036838054657,-0.048450566828250885,-0.03567870706319809,-0.048450492322444916,0.016024503856897354
170,0.0003472026146482676,0.0003718286461662501,0.0003225766122341156,nan,-0.047205641865730286,-0.049126990139484406,-0.03682037442922592,-0.04912696033716202,0.014509012922644615
180,0.00031228672014549375,0.00030392693588510156,0.000320646446198225,nan,-0.047298185527324677,-0.046446241438388824,-0.037582527846097946,-0.046446237713098526,0.013770516030490398
190,0.0003101928159594536,0.00030442955903708935,0.0003159560728818178,nan,-0.048309311270713806,-0.04678351432085037,-0.036865007132291794,-0.04678351432085037,0.013477141968905926
200,0.0002877839142456651,0.0002738384355325252,0.00030172939295880497,nan,-0.049037590622901917,-0.04638028144836426,-0.03703407943248749,-0.04638025909662247,0.012928739190101624
210,0.00029604765586555004,0.0003411499783396721,0.00025094536249525845,nan,-0.046315036714076996,-0.0476837083697319,-0.03480304032564163,-0.04768369346857071,0.012876102700829506
220,0.00025560229551047087,0.0002604514011181891,0.0002507531316950917,nan,-0.047040343284606934,-0.04829960688948631,-0.0355074405670166,-0.048299599438905716,0.011555695906281471
230,0.00025786308106034994,0.0002402650425210595,0.0002754611487034708,nan,-0.04704045504331589,-0.048397500067949295,-0.03661742061376572,-0.0483974888920784,0.011610299348831177
240,0.0002042200358118862,0.00021732511231675744,0.00019111495930701494,nan,-0.0469563826918602,-0.04783526808023453,-0.03641146421432495,-0.04783526435494423,0.010479777120053768
250,0.0002051890332950279,0.0001895637542475015,0.00022081431234255433,nan,-0.046620942652225494,-0.04628768190741539,-0.035509929060935974,-0.04628767445683479,0.01045386865735054
260,0.00018398795509710908,0.00015618556062690914,0.00021179032046347857,nan,-0.04934782534837723,-0.04788200557231903,-0.03928648680448532,-0.047881998121738434,0.009575268253684044
270,0.00017086014850065112,0.00018179886683356017,0.00015992141561582685,nan,-0.04860072210431099,-0.04747362434864044,-0.037215568125247955,-0.04747362062335014,0.009099616669118404
280,0.0001546867424622178,0.00014543294673785567,0.0001639405672904104,nan,-0.050209809094667435,-0.045419298112392426,-0.03921409696340561,-0.04541928321123123,0.008717039600014687
290,0.00015797527157701552,0.0001524422550573945,0.00016350828809663653,nan,-0.048553209751844406,-0.04568103328347206,-0.03781227767467499,-0.04568102955818176,0.008839418180286884
300,0.00016253536159638315,0.00017645396292209625,0.0001486167893745005,nan,-0.04687459394335747,-0.04746636003255844,-0.035466454923152924,-0.04746635630726814,0.008870003744959831
310,0.00014614747487939894,0.00012522717588581145,0.00016706778842490166,nan,-0.046798042953014374,-0.04543258994817734,-0.035908255726099014,-0.04543258249759674,0.008551535196602345
320,0.00014891827595420182,0.00015416006499435753,0.00014367647236213088,nan,-0.04773138090968132,-0.04687948152422905,-0.03710339218378067,-0.04687947779893875,0.008292094804346561
330,0.00014715715951751918,0.0001481682702433318,0.0001461460633436218,nan,-0.046202369034290314,-0.04797028750181198,-0.035555046051740646,-0.04797028750181198,0.00848249439150095
340,0.00013694319932255894,0.00012117878213757649,0.000152707623783499,nan,-0.04756276682019234,-0.04763749614357948,-0.037290558218955994,-0.047637492418289185,0.008167498745024204
350,0.00011448387522250414,0.00011778991029132158,0.00011117783287772909,nan,-0.048790231347084045,-0.045495495200157166,-0.03775784745812416,-0.04549548774957657,0.007673655636608601
360,0.00011807603004854172,0.00012099701416445896,0.00011515503865666687,nan,-0.0468997061252594,-0.0470169335603714,-0.03584113344550133,-0.047016922384500504,0.007887611165642738
370,0.00011432621977292001,9.649297862779349e-05,0.00013215947546996176,nan,-0.04902846738696098,-0.04515328258275986,-0.036636486649513245,-0.04515328258275986,0.007776285521686077
380,0.00012597239401657134,0.00012136861914768815,0.00013057618343736976,nan,-0.045696333050727844,-0.04656226187944412,-0.03458861634135246,-0.04656226187944412,0.008277613669633865
390,0.000120001015602611,0.00012803301797248423,0.00011196902778465301,nan,-0.04612097516655922,-0.04641813784837723,-0.03532074764370918,-0.04641813412308693,0.00816701166331768
400,0.00011196154810022563,0.00010910198034252971,0.00011482112313387915,nan,-0.046314943581819534,-0.047152526676654816,-0.03509410470724106,-0.047152530401945114,0.007974010892212391
410,0.00012189075641799718,0.00012239384523127228,0.00012138768215663731,nan,-0.04575724899768829,-0.046847715973854065,-0.033983998000621796,-0.04684770852327347,0.008381086401641369
420,0.00010468567779753357,0.00010548414138611406,0.00010388722876086831,nan,-0.04756941273808479,-0.048665013164281845,-0.03704821318387985,-0.04866500943899155,0.007904158905148506
430,0.00012053809041390195,0.00011409487342461944,0.00012698129285126925,nan,-0.046823035925626755,-0.04585360363125801,-0.03573363274335861,-0.04585360363125801,0.008236026391386986
440,9.308568405685946e-05,0.00010225590085610747,8.391545998165384e-05,nan,-0.04778561741113663,-0.048025354743003845,-0.03786739334464073,-0.04802534729242325,0.007491854950785637
450,0.00010125321568921208,0.0001107076823245734,9.179877088172361e-05,nan,-0.044675350189208984,-0.04745567589998245,-0.03352731466293335,-0.047455668449401855,0.007901332341134548
460,9.043273166753352e-05,9.340701217297465e-05,8.745845116209239e-05,nan,-0.046654365956783295,-0.04766673594713211,-0.034597162157297134,-0.04766673222184181,0.007647138088941574
470,9.931850945577025e-05,0.00010442444181535393,9.42125916481018e-05,nan,-0.047104980796575546,-0.048341985791921616,-0.0359177328646183,-0.04834196716547012,0.007963903248310089
480,9.451131336390972e-05,9.31513641262427e-05,9.587125532561913e-05,nan,-0.04914551600813866,-0.04759444296360016,-0.03911563754081726,-0.047594428062438965,0.0077530089765787125
490,9.00333106983453e-05,8.614986290922388e-05,9.391675848746672e-05,nan,-0.047567885369062424,-0.04680905491113663,-0.03709011897444725,-0.04680904746055603,0.0075779445469379425
500,9.747021249495447e-05,9.176673484034836e-05,0.00010317368287360296,nan,-0.04819834232330322,-0.04837138205766678,-0.03706793487071991,-0.04837137460708618,0.007789524272084236
510,9.331236651632935e-05,9.28659865166992e-05,9.375876106787473e-05,nan,-0.046674154698848724,-0.04811108857393265,-0.035403043031692505,-0.04811108112335205,0.007652915082871914
520,9.000517457025126e-05,8.961698040366173e-05,9.039336146088317e-05,nan,-0.049909524619579315,-0.047455333173274994,-0.03863203525543213,-0.047455333173274994,0.007749637123197317
530,0.0001001540367724374,0.00010264267621096224,9.766538278199732e-05,nan,-0.04798266291618347,-0.047907572239637375,-0.03695295378565788,-0.047907568514347076,0.008048076182603836
540,9.302331454819068e-05,9.18007135624066e-05,9.424590098205954e-05,nan,-0.047400496900081635,-0.047042835503816605,-0.03658543899655342,-0.04704282432794571,0.007735876366496086
550,9.306571155320853e-05,9.180953202303499e-05,9.432187653146684e-05,nan,-0.04897967353463173,-0.047857385128736496,-0.036917299032211304,-0.0478573776781559,0.007657796144485474
560,7.687007018830627e-05,7.937176269479096e-05,7.436837040586397e-05,nan,-0.04939772188663483,-0.04751129448413849,-0.03813990578055382,-0.04751129075884819,0.0072531308978796005
570,8.47918854560703e-05,9.257167403120548e-05,7.701207505306229e-05,nan,-0.04683905094861984,-0.048438362777233124,-0.03572378307580948,-0.04843834787607193,0.007469063624739647
580,8.578220149502158e-05,9.45105857681483e-05,7.705381722189486e-05,nan,-0.04925882816314697,-0.04766014963388443,-0.0375266969203949,-0.04766014590859413,0.007459734566509724
590,8.779839845374227e-05,8.376527694053948e-05,9.183153451886028e-05,nan,-0.04916563257575035,-0.04683680832386017,-0.037842292338609695,-0.04683680087327957,0.007545032072812319
600,8.576932305004448e-05,8.509380131727085e-05,8.644482295494527e-05,nan,-0.04594818502664566,-0.04885611683130264,-0.03546254336833954,-0.048856090754270554,0.007484861649572849
610,9.073043474927545e-05,9.723680705064908e-05,8.422408427577466e-05,nan,-0.04703263193368912,-0.04595932364463806,-0.036285363137722015,-0.045959316194057465,0.0077170878648757935
620,8.563882147427648e-05,7.902627112343907e-05,9.225137182511389e-05,nan,-0.048208966851234436,-0.046639129519462585,-0.03691507875919342,-0.046639129519462585,0.007403279189020395
630,9.465317998547107e-05,8.82030653883703e-05,0.00010110330185852945,nan,-0.04778414964675903,-0.04790232330560684,-0.03608839213848114,-0.04790232330560684,0.00777315441519022
640,8.327616524184123e-05,8.507935854140669e-05,8.147297194227576e-05,nan,-0.0481409914791584,-0.04831380024552345,-0.03838411346077919,-0.04831380024552345,0.007406450808048248
650,8.770803833613172e-05,9.22036706469953e-05,8.321241330122575e-05,nan,-0.047074057161808014,-0.048529449850320816,-0.03642972186207771,-0.04852944612503052,0.007432286161929369
660,8.391992014367133e-05,9.003735613077879e-05,7.780249143252149e-05,nan,-0.049282483756542206,-0.04802384227514267,-0.03815331310033798,-0.04802384227514267,0.007449522614479065
670,8.03887887741439e-05,7.928050763439387e-05,8.149706263793632e-05,nan,-0.04836510866880417,-0.0469115786254406,-0.03764547035098076,-0.0469115674495697,0.007348899729549885
680,8.549004269298166e-05,7.910146814538166e-05,9.187860996462405e-05,nan,-0.04631057381629944,-0.04744453728199005,-0.03579821437597275,-0.047444529831409454,0.007512231823056936
690,8.184660691767931e-05,7.879105396568775e-05,8.490215986967087e-05,nan,-0.048699017614126205,-0.04656733572483063,-0.03785194456577301,-0.04656733199954033,0.007347431033849716
700,7.619251846335828e-05,6.9941277615726e-05,8.244375931099057e-05,nan,-0.048002902418375015,-0.047310568392276764,-0.0372871458530426,-0.04731056094169617,0.0071427770890295506
710,7.889591506682336e-05,8.002508548088372e-05,7.776674465276301e-05,nan,-0.04730752110481262,-0.04813775420188904,-0.03589819371700287,-0.04813774302601814,0.007356123998761177
720,8.204147161450237e-05,7.494998135371134e-05,8.913296915125102e-05,nan,-0.046442367136478424,-0.04507439583539963,-0.03625436872243881,-0.04507438838481903,0.007448941469192505
730,7.877458847360685e-05,7.720799476373941e-05,8.034118945943192e-05,nan,-0.04809744656085968,-0.04583161324262619,-0.036924608051776886,-0.04583161324262619,0.007281543221324682
740,7.524661486968398e-05,7.30071114958264e-05,7.748611096758395e-05,nan,-0.045554324984550476,-0.048232242465019226,-0.03429928794503212,-0.04823223873972893,0.00709844846278429
750,7.158855441957712e-05,7.119409565348178e-05,7.198302046163008e-05,nan,-0.0493234284222126,-0.04531782865524292,-0.03884950280189514,-0.04531782120466232,0.00698955450206995
760,6.923327600816265e-05,6.813105574110523e-05,7.033549627522007e-05,nan,-0.049244966357946396,-0.05122041329741478,-0.0389409214258194,-0.051220402121543884,0.006845809519290924
770,7.987333810888231e-05,8.12003345345147e-05,7.854634168324992e-05,nan,-0.04643376171588898,-0.04643717035651207,-0.03548947349190712,-0.04643716663122177,0.007265066262334585
780,7.165294664446265e-05,7.182756962720305e-05,7.147832366172224e-05,nan,-0.04737156629562378,-0.0474405363202095,-0.03653279319405556,-0.04744052514433861,0.006919350475072861
790,7.162798283388838e-05,6.579314504051581e-05,7.746282790321857e-05,nan,-0.04870010167360306,-0.04693460091948509,-0.03682999685406685,-0.04693460464477539,0.006840921938419342
800,6.802131974836811e-05,6.476715498138219e-05,7.127548451535404e-05,nan,-0.04696711152791977,-0.04941442608833313,-0.03672543168067932,-0.04941442236304283,0.006780635565519333
810,7.202223787317052e-05,7.537686906289309e-05,6.866760668344796e-05,nan,-0.04651802033185959,-0.04649055004119873,-0.034927062690258026,-0.046490542590618134,0.006868340075016022
820,7.131883467081934e-05,6.932421092642471e-05,7.331345841521397e-05,nan,-0.04648339003324509,-0.04657134786248207,-0.035880353301763535,-0.04657134786248207,0.0069105783477425575
830,6.212070729816332e-05,5.8630455896491185e-05,6.561095506185666e-05,nan,-0.04862910509109497,-0.04740772768855095,-0.03782162815332413,-0.04740772023797035,0.006600037682801485
840,6.488287181127816e-05,6.894231773912907e-05,6.082341860746965e-05,nan,-0.04723554849624634,-0.04768608137965202,-0.035210371017456055,-0.047686077654361725,0.006529089994728565
850,6.628451228607446e-05,6.812309584347531e-05,6.444592145271599e-05,nan,-0.04750346764922142,-0.048808589577674866,-0.03640017285943031,-0.04880858212709427,0.006595047656446695
860,6.677113560726866e-05,7.05190614098683e-05,6.302321708062664e-05,nan,-0.0463297963142395,-0.0477227084338665,-0.03548070788383484,-0.047722697257995605,0.006611662916839123
870,6.984036008361727e-05,6.530787504743785e-05,7.43728451197967e-05,nan,-0.046529464423656464,-0.04842272400856018,-0.036125242710113525,-0.048422716557979584,0.006534134969115257
880,7.24908895790577e-05,7.479990017600358e-05,7.018187898211181e-05,nan,-0.04694468900561333,-0.047128044068813324,-0.03554661571979523,-0.047128044068813324,0.006793884094804525
890,6.568620301550254e-05,5.741454879171215e-05,7.395785360131413e-05,nan,-0.04831749200820923,-0.04598214849829674,-0.038202766329050064,-0.04598214477300644,0.0065412805415689945
900,6.081250830902718e-05,6.302203837549314e-05,5.8602985518518835e-05,nan,-0.04782130569219589,-0.04893791675567627,-0.03604885935783386,-0.04893790930509567,0.006272849626839161
910,6.110877438914031e-05,5.78036269871518e-05,6.441390723921359e-05,nan,-0.04713516682386398,-0.046958986669778824,-0.03590557724237442,-0.04695897549390793,0.006414339412003756
920,7.036924944259226e-05,6.55680923955515e-05,7.517040648963302e-05,nan,-0.04775064438581467,-0.044771477580070496,-0.03734160214662552,-0.044771477580070496,0.006713729351758957
930,6.570107507286593e-05,6.166768434923142e-05,6.973446579650044e-05,nan,-0.04952724277973175,-0.046992942690849304,-0.03771547973155975,-0.04699293524026871,0.006480027921497822
940,6.607932300539687e-05,7.169161108322442e-05,6.046704584150575e-05,nan,-0.04592180997133255,-0.04803464934229851,-0.03479098901152611,-0.04803464189171791,0.006377660669386387
950,6.693504838040099e-05,6.309719174169004e-05,7.077290501911193e-05,nan,-0.045932117849588394,-0.04515365883708,-0.03480200469493866,-0.045153647661209106,0.006566670257598162
960,5.8174140576738864e-05,5.1728671678574756e-05,6.461959856096655e-05,nan,-0.04911191016435623,-0.04951479285955429,-0.038924627006053925,-0.049514785408973694,0.006125094369053841
970,6.007126285112463e-05,5.7053981436183676e-05,6.308854062808678e-05,nan,-0.047853823751211166,-0.0486508384346962,-0.03633531928062439,-0.0486508309841156,0.006198034156113863
980,5.364815297070891e-05,5.417527427198365e-05,5.312103530741297e-05,nan,-0.04779989272356033,-0.04876314103603363,-0.0375484824180603,-0.04876314103603363,0.005876160226762295
990,6.268762081163004e-05,6.0801605286542326e-05,6.457364361267537e-05,nan,-0.047862693667411804,-0.04544955492019653,-0.0360654778778553,-0.04544955492019653,0.006320368032902479
1000,6.420916179195046e-05,7.138009823393077e-05,5.7038210798054934e-05,nan,-0.04716915637254715,-0.04630936682224274,-0.03561766445636749,-0.04630936309695244,0.006310064345598221
1010,5.64738002140075e-05,5.757297549280338e-05,5.537462857319042e-05,nan,-0.04841907322406769,-0.04757571220397949,-0.03718926012516022,-0.04757571220397949,0.006083767395466566
1020,5.6130065786419436e-05,6.034408579580486e-05,5.191604213905521e-05,nan,-0.047342486679553986,-0.04891125112771988,-0.03694938123226166,-0.04891125112771988,0.005983293056488037
1030,5.161829540156759e-05,5.036686343373731e-05,5.286972373141907e-05,nan,-0.04751155525445938,-0.046446144580841064,-0.03659825026988983,-0.04644613713026047,0.005917662288993597
1040,5.6363998737651855e-05,6.217447662493214e-05,5.055351721239276e-05,nan,-0.04766193404793739,-0.04728664457798004,-0.03671882301568985,-0.047286637127399445,0.006032582372426987
1050,4.9109134124591947e-05,4.8708072426961735e-05,4.9510199460200965e-05,nan,-0.04794223979115486,-0.048748139292001724,-0.03726457059383392,-0.048748135566711426,0.005692891776561737
1060,5.0896836910396814e-05,5.7923720305552706e-05,4.3869949877262115e-05,nan,-0.045868974179029465,-0.04801199212670326,-0.03484655171632767,-0.04801199212670326,0.0057724774815142155
1070,5.885598511667922e-05,6.0662670875899494e-05,5.704930663341656e-05,nan,-0.04849482700228691,-0.04539469629526138,-0.037011269479990005,-0.04539469629526138,0.005936436355113983
1080,4.7442172217415646e-05,4.5754080929327756e-05,4.913025622954592e-05,nan,-0.04686778038740158,-0.045695096254348755,-0.035728637129068375,-0.04569508880376816,0.005611798260360956
1090,4.972096212441102e-05,4.820551475859247e-05,5.1236405852250755e-05,nan,-0.049640901386737823,-0.04743374511599541,-0.038353994488716125,-0.04743373766541481,0.0055381241254508495
1100,5.4058975365478545e-05,5.407661956269294e-05,5.4041338444221765e-05,nan,-0.047921471297740936,-0.04685663804411888,-0.036354318261146545,-0.04685661941766739,0.005819803103804588
